{"cameraMode":{"drawMode":0,"name":"Shaded","section":"Shading Mode"},"sceneLighting":false,"audioPlay":false,"sceneViewState":{"showFog":true,"showMaterialUpdate":false,"showSkybox":false,"showFlares":true,"showImageEffects":true,"showParticleSystems":true},"in2DMode":false,"pivot":{"x":0.15088912844657899,"y":1.767555594444275,"z":0.2516806721687317},"rotation":{"x":-0.09111330658197403,"y":-0.3182987868785858,"z":0.03074701502919197,"w":-0.9431006908416748},"size":1.02443265914917,"orthographic":false}