{"cameraMode":{"drawMode":0,"name":"Shaded","section":"Shading Mode"},"sceneLighting":false,"audioPlay":false,"sceneViewState":{"showFog":true,"showMaterialUpdate":false,"showSkybox":false,"showFlares":true,"showImageEffects":true,"showParticleSystems":true},"in2DMode":false,"pivot":{"x":-0.08164474368095398,"y":1.6902742385864258,"z":-0.2082567811012268},"rotation":{"x":0.03420964628458023,"y":-0.9417095184326172,"z":0.10096892714500427,"w":0.3190895617008209},"size":1.1578822135925294,"orthographic":false}