{"cameraMode":{"drawMode":0,"name":"Shaded","section":"Shading Mode"},"sceneLighting":false,"audioPlay":false,"sceneViewState":{"showFog":true,"showMaterialUpdate":false,"showSkybox":false,"showFlares":true,"showImageEffects":true,"showParticleSystems":true},"in2DMode":false,"pivot":{"x":-0.0000010728836059570313,"y":1.0497190952301026,"z":0.04483792185783386},"rotation":{"x":-0.23899638652801515,"y":0.26118701696395876,"z":-0.06692082434892655,"w":-0.9328363537788391},"size":3.8763444423675539,"orthographic":false}