{"cameraMode":{"drawMode":0,"name":"Shaded","section":"Shading Mode"},"sceneLighting":false,"audioPlay":false,"sceneViewState":{"showFog":true,"showMaterialUpdate":false,"showSkybox":false,"showFlares":true,"showImageEffects":true,"showParticleSystems":true},"in2DMode":false,"pivot":{"x":-0.13933324813842774,"y":1.2631462812423707,"z":0.1323317289352417},"rotation":{"x":0.08909621834754944,"y":-0.6073314547538757,"z":0.06880482286214829,"w":0.786432683467865},"size":2.8979787826538088,"orthographic":false}