{"cameraMode":{"drawMode":0,"name":"Shaded","section":"Shading Mode"},"sceneLighting":false,"audioPlay":false,"sceneViewState":{"showFog":true,"showMaterialUpdate":false,"showSkybox":false,"showFlares":true,"showImageEffects":true,"showParticleSystems":true},"in2DMode":false,"pivot":{"x":-0.039578914642333987,"y":1.56795072555542,"z":-0.19498473405838014},"rotation":{"x":0.03123583272099495,"y":-0.9342749118804932,"z":0.08460533618927002,"w":0.3449590802192688},"size":1.1444759368896485,"orthographic":false}