{"cameraMode":{"drawMode":0,"name":"Shaded","section":"Shading Mode"},"sceneLighting":false,"audioPlay":false,"sceneViewState":{"showFog":true,"showMaterialUpdate":false,"showSkybox":false,"showFlares":true,"showImageEffects":true,"showParticleSystems":true},"in2DMode":false,"pivot":{"x":-0.0688629150390625,"y":1.4178028106689454,"z":0.13770151138305665},"rotation":{"x":0.14498211443424226,"y":-0.15426984429359437,"z":0.022890543565154077,"w":0.9770655632019043},"size":2.0159542560577394,"orthographic":false}