{"cameraMode":{"drawMode":0,"name":"Shaded","section":"Shading Mode"},"sceneLighting":false,"audioPlay":false,"sceneViewState":{"showFog":true,"showMaterialUpdate":false,"showSkybox":false,"showFlares":true,"showImageEffects":true,"showParticleSystems":true},"in2DMode":false,"pivot":{"x":-0.14748740196228028,"y":1.4680507183074952,"z":0.026500701904296876},"rotation":{"x":0.04125070571899414,"y":-0.3356127142906189,"z":0.014711207710206509,"w":0.9409815073013306},"size":1.73768949508667,"orthographic":false}