{"cameraMode":{"drawMode":0,"name":"Shaded","section":"Shading Mode"},"sceneLighting":false,"audioPlay":false,"sceneViewState":{"showFog":true,"showMaterialUpdate":false,"showSkybox":false,"showFlares":true,"showImageEffects":true,"showParticleSystems":true},"in2DMode":false,"pivot":{"x":-5.883576393127441,"y":-0.3842148780822754,"z":-0.4596274495124817},"rotation":{"x":0.13161146640777589,"y":-0.6802932620048523,"z":0.1261202096939087,"w":0.7099106907844544},"size":15.697366714477539,"orthographic":false}