{"cameraMode":{"drawMode":0,"name":"Shaded","section":"Shading Mode"},"sceneLighting":false,"audioPlay":false,"sceneViewState":{"showFog":true,"showMaterialUpdate":false,"showSkybox":false,"showFlares":true,"showImageEffects":true,"showParticleSystems":true},"in2DMode":false,"pivot":{"x":-9.095491409301758,"y":6.593662261962891,"z":13.740421295166016},"rotation":{"x":0.17652393877506257,"y":-0.6036275625228882,"z":0.13930541276931764,"w":0.7648967504501343},"size":20.81083869934082,"orthographic":false}