{"cameraMode":{"drawMode":0,"name":"Shaded","section":"Shading Mode"},"sceneLighting":false,"audioPlay":false,"sceneViewState":{"showFog":true,"showMaterialUpdate":false,"showSkybox":false,"showFlares":true,"showImageEffects":true,"showParticleSystems":true},"in2DMode":false,"pivot":{"x":-0.8760281801223755,"y":1.9164410829544068,"z":-0.6542699337005615},"rotation":{"x":-0.01100826170295477,"y":0.8755755424499512,"z":-0.01997469738125801,"w":-0.48254260420799258},"size":2.5909483432769777,"orthographic":false}