{"cameraMode":{"drawMode":0,"name":"Shaded","section":"Shading Mode"},"sceneLighting":false,"audioPlay":false,"sceneViewState":{"showFog":true,"showMaterialUpdate":false,"showSkybox":false,"showFlares":true,"showImageEffects":true,"showParticleSystems":true},"in2DMode":false,"pivot":{"x":-15.755990028381348,"y":-19.8527889251709,"z":22.38756561279297},"rotation":{"x":0.27193567156791689,"y":-0.42017367482185366,"z":0.13357900083065034,"w":0.8553723096847534},"size":65.0185546875,"orthographic":false}