{"cameraMode":{"drawMode":0,"name":"Shaded","section":"Shading Mode"},"sceneLighting":false,"audioPlay":false,"sceneViewState":{"showFog":true,"showMaterialUpdate":false,"showSkybox":false,"showFlares":true,"showImageEffects":true,"showParticleSystems":true},"in2DMode":false,"pivot":{"x":-0.0649886429309845,"y":1.6538825035095215,"z":0.12208151817321778},"rotation":{"x":-0.18717630207538606,"y":0.5321359634399414,"z":-0.12196866422891617,"w":-0.8166517615318298},"size":2.937729835510254,"orthographic":false}