{"cameraMode":{"drawMode":0,"name":"Shaded","section":"Shading Mode"},"sceneLighting":false,"audioPlay":false,"sceneViewState":{"showFog":true,"showMaterialUpdate":false,"showSkybox":false,"showFlares":true,"showImageEffects":true,"showParticleSystems":true},"in2DMode":false,"pivot":{"x":0.07699671387672425,"y":1.6162207126617432,"z":0.18897801637649537},"rotation":{"x":0.06751449406147003,"y":-0.2982061803340912,"z":0.021151941269636155,"w":0.9518758058547974},"size":2.5710551738739015,"orthographic":false}