{"cameraMode":{"drawMode":0,"name":"Shaded","section":"Shading Mode"},"sceneLighting":false,"audioPlay":false,"sceneViewState":{"showFog":true,"showMaterialUpdate":false,"showSkybox":false,"showFlares":true,"showImageEffects":true,"showParticleSystems":true},"in2DMode":false,"pivot":{"x":-0.21783804893493653,"y":1.4428249597549439,"z":-0.058570027351379397},"rotation":{"x":0.10986286401748657,"y":-0.6474729776382446,"z":0.09508153796195984,"w":0.7481099367141724},"size":1.989936113357544,"orthographic":false}