{"cameraMode":{"drawMode":0,"name":"Shaded","section":"Shading Mode"},"sceneLighting":false,"audioPlay":false,"sceneViewState":{"showFog":true,"showMaterialUpdate":false,"showSkybox":false,"showFlares":true,"showImageEffects":true,"showParticleSystems":true},"in2DMode":false,"pivot":{"x":-0.027931630611419679,"y":1.7119925022125245,"z":0.30926966667175295},"rotation":{"x":-0.015040362253785134,"y":0.18638570606708527,"z":-0.0028580622747540476,"w":-0.982357382774353},"size":5.04237174987793,"orthographic":false}