{"cameraMode":{"drawMode":0,"name":"Shaded","section":"Shading Mode"},"sceneLighting":false,"audioPlay":false,"sceneViewState":{"showFog":true,"showMaterialUpdate":false,"showSkybox":false,"showFlares":true,"showImageEffects":true,"showParticleSystems":true},"in2DMode":false,"pivot":{"x":0.5043363571166992,"y":1.4679181575775147,"z":-0.16891837120056153},"rotation":{"x":0.11928501725196839,"y":-0.28382042050361636,"z":0.035607896745204929,"w":0.9507623910903931},"size":2.1504952907562258,"orthographic":false}