{"cameraMode":{"drawMode":0,"name":"Shaded","section":"Shading Mode"},"sceneLighting":false,"audioPlay":false,"sceneViewState":{"showFog":true,"showMaterialUpdate":false,"showSkybox":false,"showFlares":true,"showImageEffects":true,"showParticleSystems":true},"in2DMode":false,"pivot":{"x":0.2505371570587158,"y":1.4478178024291993,"z":0.22561430931091309},"rotation":{"x":-0.09959695488214493,"y":0.5383368134498596,"z":-0.06426440924406052,"w":-0.834352433681488},"size":2.416438579559326,"orthographic":false}