{"cameraMode":{"drawMode":0,"name":"Shaded","section":"Shading Mode"},"sceneLighting":false,"audioPlay":false,"sceneViewState":{"showFog":true,"showMaterialUpdate":false,"showSkybox":false,"showFlares":true,"showImageEffects":true,"showParticleSystems":true},"in2DMode":false,"pivot":{"x":-0.25261807441711428,"y":1.331881046295166,"z":0.09676361083984375},"rotation":{"x":0.08083554357290268,"y":-0.21125061810016633,"z":0.017532862722873689,"w":0.973925769329071},"size":3.172222375869751,"orthographic":false}