{"cameraMode":{"drawMode":0,"name":"Shaded","section":"Shading Mode"},"sceneLighting":false,"audioPlay":false,"sceneViewState":{"showFog":true,"showMaterialUpdate":false,"showSkybox":false,"showFlares":true,"showImageEffects":true,"showParticleSystems":true},"in2DMode":false,"pivot":{"x":7.303783416748047,"y":10.312177658081055,"z":15.84679126739502},"rotation":{"x":0.13161146640777589,"y":-0.6802932620048523,"z":0.1261202096939087,"w":0.7099106907844544},"size":17.692474365234376,"orthographic":false}